{
  "version": 1,
  "author": "SALMA SALSABILA",
  "editor": "wokwi",
  "parts": [
    { "type": "board-esp32-devkit-c-v4", "id": "esp", "top": 9.6, "left": -4.76, "attrs": {} },
    { "type": "wokwi-led", "id": "led1", "top": 15.6, "left": 282.2, "attrs": { "color": "red" } },
    {
      "type": "wokwi-led",
      "id": "led2",
      "top": 159.6,
      "left": 224.6,
      "attrs": { "color": "green" }
    },
    {
      "type": "wokwi-led",
      "id": "led3",
      "top": 92.4,
      "left": 243.8,
      "attrs": { "color": "yellow" }
    },
    {
      "type": "wokwi-lcd1602",
      "id": "lcd1",
      "top": -185.6,
      "left": 111.2,
      "attrs": { "pins": "i2c" }
    },
    { "type": "wokwi-gas-sensor", "id": "gas1", "top": 79.5, "left": -165.8, "attrs": {} }
  ],
  "connections": [
    [ "esp:TX", "$serialMonitor:RX", "", [] ],
    [ "esp:RX", "$serialMonitor:TX", "", [] ],
    [ "esp:GND.2", "lcd1:GND", "black", [ "v0" ] ],
    [ "gas1:AOUT", "esp:34", "green", [ "h0" ] ],
    [ "gas1:VCC", "esp:3V3", "red", [ "h0" ] ],
    [ "gas1:GND", "esp:GND.1", "black", [ "h0" ] ],
    [ "lcd1:SDA", "esp:21", "green", [ "h0" ] ],
    [ "lcd1:SCL", "esp:22", "green", [ "h0" ] ],
    [ "lcd1:VCC", "esp:3V3", "red", [ "h0" ] ],
    [ "led1:C", "esp:GND.2", "green", [ "v0" ] ],
    [ "led3:C", "esp:GND.2", "green", [ "v0" ] ],
    [ "led2:C", "esp:GND.2", "green", [ "v0" ] ],
    [ "led1:A", "esp:23", "green", [ "v0" ] ],
    [ "led2:A", "esp:17", "green", [ "v0" ] ],
    [ "led3:A", "esp:15", "green", [ "v0" ] ]
  ],
  "dependencies": {}
}